{"cameraMode":{"drawMode":0,"name":"Shaded","section":"Shading Mode"},"sceneLighting":true,"audioPlay":false,"sceneViewState":{"showFog":false,"showMaterialUpdate":false,"showSkybox":false,"showFlares":false,"showImageEffects":false,"showParticleSystems":false},"in2DMode":false,"pivot":{"x":331.64398193359377,"y":-31.823219299316408,"z":162.52320861816407},"rotation":{"x":-0.13905322551727296,"y":-0.06557519733905792,"z":0.009195035323500634,"w":-0.9880879521369934},"size":422.099365234375,"orthographic":false}