{"cameraMode":{"drawMode":0,"name":"Shaded","section":"Shading Mode"},"sceneLighting":true,"audioPlay":false,"sceneViewState":{"showFog":false,"showMaterialUpdate":false,"showSkybox":false,"showFlares":false,"showImageEffects":false,"showParticleSystems":false},"in2DMode":false,"pivot":{"x":0.20180511474609376,"y":6.210000038146973,"z":-0.6704469919204712},"rotation":{"x":0.013027777895331383,"y":0.5337534546852112,"z":-0.00804213061928749,"w":0.8455794453620911},"size":27.882665634155275,"orthographic":false}