{"cameraMode":{"drawMode":0,"name":"Shaded","section":"Shading Mode"},"sceneLighting":true,"audioPlay":false,"sceneViewState":{"showFog":false,"showMaterialUpdate":false,"showSkybox":false,"showFlares":false,"showImageEffects":false,"showParticleSystems":false},"in2DMode":false,"pivot":{"x":859.7177124023438,"y":162.40184020996095,"z":-7.85491943359375},"rotation":{"x":0.10914923995733261,"y":-0.051259495317935947,"z":0.005703729577362537,"w":0.9927611351013184},"size":365.5951843261719,"orthographic":false}