{"cameraMode":{"drawMode":0,"name":"Shaded","section":"Shading Mode"},"sceneLighting":true,"audioPlay":false,"sceneViewState":{"showFog":false,"showMaterialUpdate":false,"showSkybox":false,"showFlares":false,"showImageEffects":false,"showParticleSystems":false},"in2DMode":false,"pivot":{"x":417.29632568359377,"y":119.62318420410156,"z":39.1885986328125},"rotation":{"x":-0.07807908952236176,"y":0.061867889016866687,"z":-0.004854836966842413,"w":-0.9950146675109863},"size":1112.7679443359375,"orthographic":false}