{"cameraMode":{"drawMode":0,"name":"Shaded","section":"Shading Mode"},"sceneLighting":true,"audioPlay":false,"sceneViewState":{"showFog":false,"showMaterialUpdate":false,"showSkybox":false,"showFlares":false,"showImageEffects":false,"showParticleSystems":false},"in2DMode":false,"pivot":{"x":-162.4279022216797,"y":-989.9146118164063,"z":1216.1212158203125},"rotation":{"x":0.33795928955078127,"y":-0.009919428266584874,"z":0.003508620196953416,"w":0.9412785172462463},"size":1660.0074462890625,"orthographic":false}