{"cameraMode":{"drawMode":0,"name":"Shaded","section":"Shading Mode"},"sceneLighting":true,"audioPlay":false,"sceneViewState":{"showFog":false,"showMaterialUpdate":false,"showSkybox":false,"showFlares":false,"showImageEffects":false,"showParticleSystems":false},"in2DMode":false,"pivot":{"x":-210.56317138671876,"y":-286.7956848144531,"z":14.404354095458985},"rotation":{"x":-0.14616034924983979,"y":0.67391437292099,"z":-0.13859789073467256,"w":-0.7108482718467712},"size":4666.28466796875,"orthographic":false}