{"cameraMode":{"drawMode":0,"name":"Shaded","section":"Shading Mode"},"sceneLighting":true,"audioPlay":false,"sceneViewState":{"showFog":false,"showMaterialUpdate":false,"showSkybox":false,"showFlares":false,"showImageEffects":false,"showParticleSystems":false},"in2DMode":false,"pivot":{"x":-0.1529369056224823,"y":-0.0038306713104248049,"z":0.09383463859558106},"rotation":{"x":-0.32820045948028567,"y":0.1568380445241928,"z":-0.05535753071308136,"w":-0.9298508167266846},"size":2.5578837394714357,"orthographic":false}