{"cameraMode":{"drawMode":0,"name":"Shaded","section":"Shading Mode"},"sceneLighting":true,"audioPlay":false,"sceneViewState":{"showFog":false,"showMaterialUpdate":false,"showSkybox":false,"showFlares":false,"showImageEffects":false,"showParticleSystems":false},"in2DMode":false,"pivot":{"x":370.73358154296877,"y":232.5624237060547,"z":152.03802490234376},"rotation":{"x":0.03960452601313591,"y":-0.9371647834777832,"z":0.11329754441976547,"w":0.32760491967201235},"size":127.96002960205078,"orthographic":false}