{"cameraMode":{"drawMode":0,"name":"Shaded","section":"Shading Mode"},"sceneLighting":true,"audioPlay":false,"sceneViewState":{"showFog":false,"showMaterialUpdate":false,"showSkybox":false,"showFlares":false,"showImageEffects":false,"showParticleSystems":false},"in2DMode":false,"pivot":{"x":-164.3868408203125,"y":2.2485220432281496,"z":58.30846405029297},"rotation":{"x":0.04152996465563774,"y":-0.5515411496162415,"z":0.02746529132127762,"w":0.832685112953186},"size":3.1969821453094484,"orthographic":false}