{"cameraMode":{"drawMode":0,"name":"Shaded","section":"Shading Mode"},"sceneLighting":true,"audioPlay":false,"sceneViewState":{"showFog":false,"showMaterialUpdate":false,"showSkybox":false,"showFlares":false,"showImageEffects":false,"showParticleSystems":false},"in2DMode":false,"pivot":{"x":417.01153564453127,"y":234.05589294433595,"z":128.57058715820313},"rotation":{"x":0.01436630729585886,"y":-0.9855649471282959,"z":0.11315301805734635,"w":0.12513455748558045},"size":127.96002960205078,"orthographic":false}