{"cameraMode":{"drawMode":0,"name":"Shaded","section":"Shading Mode"},"sceneLighting":true,"audioPlay":false,"sceneViewState":{"showFog":false,"showMaterialUpdate":false,"showSkybox":false,"showFlares":false,"showImageEffects":false,"showParticleSystems":false},"in2DMode":false,"pivot":{"x":583.740234375,"y":266.74505615234377,"z":36.370567321777347},"rotation":{"x":0.09735909104347229,"y":0.008377835154533387,"z":-0.0007185509311966598,"w":0.9952892661094666},"size":982.66748046875,"orthographic":false}