{"cameraMode":{"drawMode":0,"name":"Shaded","section":"Shading Mode"},"sceneLighting":true,"audioPlay":false,"sceneViewState":{"showFog":false,"showMaterialUpdate":false,"showSkybox":false,"showFlares":false,"showImageEffects":false,"showParticleSystems":false},"in2DMode":false,"pivot":{"x":-0.11255466938018799,"y":0.09980720281600952,"z":-0.09637758135795593},"rotation":{"x":-0.30022773146629336,"y":0.5177629590034485,"z":-0.20041035115718842,"w":-0.7756434082984924},"size":2.5361320972442629,"orthographic":false}