{"cameraMode":{"drawMode":0,"name":"Shaded","section":"Shading Mode"},"sceneLighting":true,"audioPlay":false,"sceneViewState":{"showFog":false,"showMaterialUpdate":false,"showSkybox":false,"showFlares":false,"showImageEffects":false,"showParticleSystems":false},"in2DMode":false,"pivot":{"x":-3.654010772705078,"y":0.9716106653213501,"z":0.21440637111663819},"rotation":{"x":-0.011614506132900715,"y":-0.7656880617141724,"z":-0.014134957455098629,"w":0.6431966423988342},"size":6.378144264221191,"orthographic":false}