{"cameraMode":{"drawMode":0,"name":"Shaded","section":"Shading Mode"},"sceneLighting":true,"audioPlay":false,"sceneViewState":{"showFog":false,"showMaterialUpdate":false,"showSkybox":false,"showFlares":false,"showImageEffects":false,"showParticleSystems":false},"in2DMode":false,"pivot":{"x":-132.41275024414063,"y":-28.591934204101564,"z":29.28265380859375},"rotation":{"x":-0.6915473937988281,"y":-0.0005921312840655446,"z":0.0006663224194198847,"w":-0.722504198551178},"size":165.97828674316407,"orthographic":false}