{"cameraMode":{"drawMode":0,"name":"Shaded","section":"Shading Mode"},"sceneLighting":true,"audioPlay":false,"sceneViewState":{"showFog":false,"showMaterialUpdate":false,"showSkybox":false,"showFlares":false,"showImageEffects":false,"showParticleSystems":false},"in2DMode":false,"pivot":{"x":0.3425300121307373,"y":0.6182299852371216,"z":0.4762856960296631},"rotation":{"x":0.09008444100618363,"y":-0.7310047745704651,"z":0.09840355813503266,"w":0.669205904006958},"size":3.0914454460144045,"orthographic":false}