{"cameraMode":{"drawMode":0,"name":"Shaded","section":"Shading Mode"},"sceneLighting":true,"audioPlay":false,"sceneViewState":{"showFog":false,"showMaterialUpdate":false,"showSkybox":false,"showFlares":false,"showImageEffects":false,"showParticleSystems":false},"in2DMode":false,"pivot":{"x":-42.35657501220703,"y":10.36355209350586,"z":57.16896057128906},"rotation":{"x":-0.024517565965652467,"y":0.9382185935974121,"z":-0.06795914471149445,"w":-0.3384409546852112},"size":166.63723754882813,"orthographic":false}