{"cameraMode":{"drawMode":0,"name":"Shaded","section":"Shading Mode"},"sceneLighting":true,"audioPlay":false,"sceneViewState":{"showFog":false,"showMaterialUpdate":false,"showSkybox":false,"showFlares":false,"showImageEffects":false,"showParticleSystems":false},"in2DMode":false,"pivot":{"x":-27.61840057373047,"y":-18.938217163085939,"z":75.21100616455078},"rotation":{"x":0.17355674505233766,"y":-0.6546915769577026,"z":0.15815384685993195,"w":0.7185660004615784},"size":148.0552215576172,"orthographic":false}