{"cameraMode":{"drawMode":0,"name":"Shaded","section":"Shading Mode"},"sceneLighting":true,"audioPlay":false,"sceneViewState":{"showFog":false,"showMaterialUpdate":false,"showSkybox":false,"showFlares":false,"showImageEffects":false,"showParticleSystems":false},"in2DMode":false,"pivot":{"x":-359.0147705078125,"y":-1048.0828857421875,"z":-1254.8746337890625},"rotation":{"x":0.03514932468533516,"y":-0.935304582118988,"z":0.3389798700809479,"w":0.09684029221534729},"size":1660.0074462890625,"orthographic":false}