{"cameraMode":{"drawMode":0,"name":"Shaded","section":"Shading Mode"},"sceneLighting":true,"audioPlay":false,"sceneViewState":{"showFog":false,"showMaterialUpdate":false,"showSkybox":false,"showFlares":false,"showImageEffects":false,"showParticleSystems":false},"in2DMode":false,"pivot":{"x":0.5339100360870361,"y":-0.23857474327087403,"z":0.13193321228027345},"rotation":{"x":-0.32820045948028567,"y":0.1568380445241928,"z":-0.05535753071308136,"w":-0.9298508167266846},"size":18.214418411254884,"orthographic":false}