{"cameraMode":{"drawMode":0,"name":"Shaded","section":"Shading Mode"},"sceneLighting":true,"audioPlay":false,"sceneViewState":{"showFog":false,"showMaterialUpdate":false,"showSkybox":false,"showFlares":false,"showImageEffects":false,"showParticleSystems":false},"in2DMode":false,"pivot":{"x":-264.78173828125,"y":-148.5281219482422,"z":-40.51789474487305},"rotation":{"x":0.06572353839874268,"y":-0.7360855937004089,"z":0.07222674787044525,"w":0.6698093414306641},"size":67.85118103027344,"orthographic":false}