{"cameraMode":{"drawMode":0,"name":"Shaded","section":"Shading Mode"},"sceneLighting":true,"audioPlay":false,"sceneViewState":{"showFog":false,"showMaterialUpdate":false,"showSkybox":false,"showFlares":false,"showImageEffects":false,"showParticleSystems":false},"in2DMode":false,"pivot":{"x":-2.944930076599121,"y":4.05625057220459,"z":8.046072959899903},"rotation":{"x":-0.0033093246165663006,"y":0.0005972107755951583,"z":-0.0000018073016008202104,"w":-0.9999949336051941},"size":14.137938499450684,"orthographic":false}