{"cameraMode":{"drawMode":0,"name":"Shaded","section":"Shading Mode"},"sceneLighting":true,"audioPlay":false,"sceneViewState":{"showFog":false,"showMaterialUpdate":false,"showSkybox":false,"showFlares":false,"showImageEffects":false,"showParticleSystems":false},"in2DMode":false,"pivot":{"x":37.39808654785156,"y":24.796890258789064,"z":30.71112823486328},"rotation":{"x":-0.3528602123260498,"y":-0.59811931848526,"z":0.3301229476928711,"w":-0.6393653750419617},"size":105.58052825927735,"orthographic":false}