{"cameraMode":{"drawMode":0,"name":"Shaded","section":"Shading Mode"},"sceneLighting":true,"audioPlay":false,"sceneViewState":{"showFog":false,"showMaterialUpdate":false,"showSkybox":false,"showFlares":false,"showImageEffects":false,"showParticleSystems":false},"in2DMode":false,"pivot":{"x":-280.40557861328127,"y":-173.15321350097657,"z":-74.31758117675781},"rotation":{"x":-0.04454213008284569,"y":0.9363328218460083,"z":-0.1289045512676239,"w":-0.3235436975955963},"size":8.29076099395752,"orthographic":false}