{"cameraMode":{"drawMode":0,"name":"Shaded","section":"Shading Mode"},"sceneLighting":true,"audioPlay":false,"sceneViewState":{"showFog":false,"showMaterialUpdate":false,"showSkybox":false,"showFlares":false,"showImageEffects":false,"showParticleSystems":false},"in2DMode":false,"pivot":{"x":-76.77099609375,"y":-83.47024536132813,"z":-76.74922180175781},"rotation":{"x":0.06263884156942368,"y":-0.9372885227203369,"z":0.24914675951004029,"w":0.23563003540039063},"size":2.857883930206299,"orthographic":false}