{"cameraMode":{"drawMode":0,"name":"Shaded","section":"Shading Mode"},"sceneLighting":true,"audioPlay":false,"sceneViewState":{"showFog":false,"showMaterialUpdate":false,"showSkybox":false,"showFlares":false,"showImageEffects":false,"showParticleSystems":false},"in2DMode":false,"pivot":{"x":731.8004760742188,"y":194.0648956298828,"z":56.93537139892578},"rotation":{"x":0.01436630729585886,"y":-0.9855649471282959,"z":0.11315301805734635,"w":0.12513455748558045},"size":22.0,"orthographic":false}