{"cameraMode":{"drawMode":0,"name":"Shaded","section":"Shading Mode"},"sceneLighting":true,"audioPlay":false,"sceneViewState":{"showFog":false,"showMaterialUpdate":false,"showSkybox":false,"showFlares":false,"showImageEffects":false,"showParticleSystems":false},"in2DMode":false,"pivot":{"x":463.1391296386719,"y":302.14727783203127,"z":-2.7875447273254396},"rotation":{"x":-0.11619089543819428,"y":0.7858595848083496,"z":-0.15544649958610536,"w":-0.5871944427490234},"size":8.393706321716309,"orthographic":false}