{"cameraMode":{"drawMode":0,"name":"Shaded","section":"Shading Mode"},"sceneLighting":true,"audioPlay":false,"sceneViewState":{"showFog":false,"showMaterialUpdate":false,"showSkybox":false,"showFlares":false,"showImageEffects":false,"showParticleSystems":false},"in2DMode":false,"pivot":{"x":593.6438598632813,"y":214.4320068359375,"z":38.87823486328125},"rotation":{"x":-0.07807908952236176,"y":0.061867889016866687,"z":-0.004854836966842413,"w":-0.9950146675109863},"size":969.1171264648438,"orthographic":false}