{"cameraMode":{"drawMode":0,"name":"Shaded","section":"Shading Mode"},"sceneLighting":true,"audioPlay":false,"sceneViewState":{"showFog":false,"showMaterialUpdate":false,"showSkybox":false,"showFlares":false,"showImageEffects":false,"showParticleSystems":false},"in2DMode":false,"pivot":{"x":-0.9801880121231079,"y":-0.1958228349685669,"z":0.6839522123336792},"rotation":{"x":-0.15444143116474152,"y":0.6829031109809876,"z":-0.15114052593708039,"w":-0.6978161334991455},"size":4.165244102478027,"orthographic":false}