{"cameraMode":{"drawMode":0,"name":"Shaded","section":"Shading Mode"},"sceneLighting":true,"audioPlay":false,"sceneViewState":{"showFog":false,"showMaterialUpdate":false,"showSkybox":false,"showFlares":false,"showImageEffects":false,"showParticleSystems":false},"in2DMode":false,"pivot":{"x":480.7896423339844,"y":124.75582885742188,"z":498.5909423828125},"rotation":{"x":-0.15366365015506745,"y":-0.055674903094768527,"z":0.008793910034000874,"w":-0.9866423010826111},"size":1660.0074462890625,"orthographic":false}