{"cameraMode":{"drawMode":0,"name":"Shaded","section":"Shading Mode"},"sceneLighting":true,"audioPlay":false,"sceneViewState":{"showFog":false,"showMaterialUpdate":false,"showSkybox":false,"showFlares":false,"showImageEffects":false,"showParticleSystems":false},"in2DMode":false,"pivot":{"x":-30.99944305419922,"y":22.971153259277345,"z":87.20016479492188},"rotation":{"x":0.12834276258945466,"y":-0.02295711636543274,"z":0.002809912897646427,"w":0.9916189908981323},"size":357.032958984375,"orthographic":false}