{"cameraMode":{"drawMode":0,"name":"Shaded","section":"Shading Mode"},"sceneLighting":true,"audioPlay":false,"sceneViewState":{"showFog":false,"showMaterialUpdate":false,"showSkybox":false,"showFlares":false,"showImageEffects":false,"showParticleSystems":false},"in2DMode":false,"pivot":{"x":2.493389129638672,"y":5.334693908691406,"z":-5.981697082519531},"rotation":{"x":-0.10463067144155503,"y":0.8672098517417908,"z":-0.20562274754047395,"w":-0.4412763714790344},"size":76.25949096679688,"orthographic":false}