{"cameraMode":{"drawMode":0,"name":"Shaded","section":"Shading Mode"},"sceneLighting":true,"audioPlay":false,"sceneViewState":{"showFog":false,"showMaterialUpdate":false,"showSkybox":false,"showFlares":false,"showImageEffects":false,"showParticleSystems":false},"in2DMode":false,"pivot":{"x":-327.2009582519531,"y":-392.80950927734377,"z":990.6006469726563},"rotation":{"x":-0.18700352311134339,"y":0.1105704978108406,"z":-0.021210897713899614,"w":-0.9760039448738098},"size":1119.1160888671875,"orthographic":false}