{"cameraMode":{"drawMode":0,"name":"Shaded","section":"Shading Mode"},"sceneLighting":true,"audioPlay":false,"sceneViewState":{"showFog":false,"showMaterialUpdate":false,"showSkybox":false,"showFlares":false,"showImageEffects":false,"showParticleSystems":false},"in2DMode":false,"pivot":{"x":-322.06463623046877,"y":-97.05652618408203,"z":30.663101196289064},"rotation":{"x":-0.03016011230647564,"y":0.09704193472862244,"z":-0.002960688667371869,"w":-0.9948391914367676},"size":177.58218383789063,"orthographic":false}