{"cameraMode":{"drawMode":0,"name":"Shaded","section":"Shading Mode"},"sceneLighting":true,"audioPlay":false,"sceneViewState":{"showFog":false,"showMaterialUpdate":false,"showSkybox":false,"showFlares":false,"showImageEffects":false,"showParticleSystems":false},"in2DMode":false,"pivot":{"x":456.90899658203127,"y":271.101806640625,"z":71.31277465820313},"rotation":{"x":0.03960452601313591,"y":-0.9371647834777832,"z":0.11329754441976547,"w":0.32760491967201235},"size":401.8813781738281,"orthographic":false}