{"cameraMode":{"drawMode":0,"name":"Shaded","section":"Shading Mode"},"sceneLighting":true,"audioPlay":false,"sceneViewState":{"showFog":false,"showMaterialUpdate":false,"showSkybox":false,"showFlares":false,"showImageEffects":false,"showParticleSystems":false},"in2DMode":false,"pivot":{"x":469.0018615722656,"y":294.1432800292969,"z":-7.792724132537842},"rotation":{"x":-0.04056617245078087,"y":-0.9141102433204651,"z":0.39221709966659548,"w":-0.09468615800142288},"size":15.354809761047364,"orthographic":false}