{"cameraMode":{"drawMode":0,"name":"Shaded","section":"Shading Mode"},"sceneLighting":true,"audioPlay":false,"sceneViewState":{"showFog":false,"showMaterialUpdate":false,"showSkybox":false,"showFlares":false,"showImageEffects":false,"showParticleSystems":false},"in2DMode":false,"pivot":{"x":0.07383215427398682,"y":0.5027234554290772,"z":0.6618547439575195},"rotation":{"x":-0.046737805008888248,"y":-0.9471814036369324,"z":0.16240403056144715,"w":-0.2725790739059448},"size":3.1969821453094484,"orthographic":false}