{"cameraMode":{"drawMode":0,"name":"Shaded","section":"Shading Mode"},"sceneLighting":true,"audioPlay":false,"sceneViewState":{"showFog":false,"showMaterialUpdate":false,"showSkybox":false,"showFlares":false,"showImageEffects":false,"showParticleSystems":false},"in2DMode":false,"pivot":{"x":14.084674835205079,"y":-62.83665466308594,"z":102.11322021484375},"rotation":{"x":-0.07116691023111344,"y":-0.7318904995918274,"z":0.07735985517501831,"w":-0.673274576663971},"size":57.16312026977539,"orthographic":false}