{"cameraMode":{"drawMode":0,"name":"Shaded","section":"Shading Mode"},"sceneLighting":true,"audioPlay":false,"sceneViewState":{"showFog":false,"showMaterialUpdate":false,"showSkybox":false,"showFlares":false,"showImageEffects":false,"showParticleSystems":false},"in2DMode":false,"pivot":{"x":227.42176818847657,"y":324.0626220703125,"z":-42.33692932128906},"rotation":{"x":-0.25211453437805178,"y":-0.5582141876220703,"z":0.18301182985305787,"w":-0.7689878344535828},"size":201.45040893554688,"orthographic":false}