{"cameraMode":{"drawMode":0,"name":"Shaded","section":"Shading Mode"},"sceneLighting":true,"audioPlay":false,"sceneViewState":{"showFog":false,"showMaterialUpdate":false,"showSkybox":false,"showFlares":false,"showImageEffects":false,"showParticleSystems":false},"in2DMode":false,"pivot":{"x":2.915349006652832,"y":0.39328014850616457,"z":-4.305583953857422},"rotation":{"x":0.013027777895331383,"y":0.5337534546852112,"z":-0.00804213061928749,"w":0.8455794453620911},"size":17.229679107666017,"orthographic":false}