{"cameraMode":{"drawMode":0,"name":"Shaded","section":"Shading Mode"},"sceneLighting":true,"audioPlay":false,"sceneViewState":{"showFog":false,"showMaterialUpdate":false,"showSkybox":false,"showFlares":false,"showImageEffects":false,"showParticleSystems":false},"in2DMode":false,"pivot":{"x":-139.37969970703126,"y":-28.49993896484375,"z":26.33289909362793},"rotation":{"x":-0.6839014291763306,"y":0.005968411453068256,"z":-0.005495138466358185,"w":-0.729701578617096},"size":165.97828674316407,"orthographic":false}