{"cameraMode":{"drawMode":0,"name":"Shaded","section":"Shading Mode"},"sceneLighting":true,"audioPlay":false,"sceneViewState":{"showFog":false,"showMaterialUpdate":false,"showSkybox":false,"showFlares":false,"showImageEffects":false,"showParticleSystems":false},"in2DMode":false,"pivot":{"x":1089.3299560546875,"y":-113.4583740234375,"z":281.53277587890627},"rotation":{"x":-0.32820045948028567,"y":0.1568380445241928,"z":-0.05535753071308136,"w":-0.9298508167266846},"size":1477.835693359375,"orthographic":false}