{"cameraMode":{"drawMode":0,"name":"Shaded","section":"Shading Mode"},"sceneLighting":true,"audioPlay":false,"sceneViewState":{"showFog":false,"showMaterialUpdate":false,"showSkybox":false,"showFlares":false,"showImageEffects":false,"showParticleSystems":false},"in2DMode":false,"pivot":{"x":315.18499755859377,"y":-57.48322296142578,"z":223.52651977539063},"rotation":{"x":0.44340547919273379,"y":0.550599992275238,"z":-0.4420602023601532,"w":0.5522292852401733},"size":135.37771606445313,"orthographic":false}