{"cameraMode":{"drawMode":0,"name":"Shaded","section":"Shading Mode"},"sceneLighting":true,"audioPlay":false,"sceneViewState":{"showFog":false,"showMaterialUpdate":false,"showSkybox":false,"showFlares":false,"showImageEffects":false,"showParticleSystems":false},"in2DMode":false,"pivot":{"x":12.899932861328125,"y":7.108401298522949,"z":10.697072982788086},"rotation":{"x":-0.32820045948028567,"y":0.1568380445241928,"z":-0.05535753071308136,"w":-0.9298508167266846},"size":346.4133605957031,"orthographic":false}