{"cameraMode":{"drawMode":0,"name":"Shaded","section":"Shading Mode"},"sceneLighting":true,"audioPlay":false,"sceneViewState":{"showFog":false,"showMaterialUpdate":false,"showSkybox":false,"showFlares":false,"showImageEffects":false,"showParticleSystems":false},"in2DMode":false,"pivot":{"x":-311.197509765625,"y":-782.8117065429688,"z":-196.21621704101563},"rotation":{"x":-0.07365813106298447,"y":0.0487416610121727,"z":-0.0035037891939282419,"w":-0.9961094260215759},"size":273.1203918457031,"orthographic":false}