{"cameraMode":{"drawMode":0,"name":"Shaded","section":"Shading Mode"},"sceneLighting":true,"audioPlay":false,"sceneViewState":{"showFog":false,"showMaterialUpdate":false,"showSkybox":false,"showFlares":false,"showImageEffects":false,"showParticleSystems":false},"in2DMode":false,"pivot":{"x":-0.28353068232536318,"y":1.0515227317810059,"z":0.588756799697876},"rotation":{"x":-0.006233929190784693,"y":0.9826752543449402,"z":-0.18217821419239045,"w":-0.03361959382891655},"size":1.432800054550171,"orthographic":false}