{"cameraMode":{"drawMode":0,"name":"Shaded","section":"Shading Mode"},"sceneLighting":true,"audioPlay":false,"sceneViewState":{"showFog":false,"showMaterialUpdate":false,"showSkybox":false,"showFlares":false,"showImageEffects":false,"showParticleSystems":false},"in2DMode":false,"pivot":{"x":-182.86183166503907,"y":-1214.442626953125,"z":449.5147399902344},"rotation":{"x":0.5659540891647339,"y":0.002429468324407935,"z":-0.0017232168465852738,"w":0.8245789408683777},"size":1331.8642578125,"orthographic":false}