{"cameraMode":{"drawMode":0,"name":"Shaded","section":"Shading Mode"},"sceneLighting":true,"audioPlay":false,"sceneViewState":{"showFog":false,"showMaterialUpdate":false,"showSkybox":false,"showFlares":false,"showImageEffects":false,"showParticleSystems":false},"in2DMode":false,"pivot":{"x":336.2574462890625,"y":-20.367538452148439,"z":232.64195251464845},"rotation":{"x":-0.35557347536087038,"y":-0.5375310778617859,"z":0.26661762595176699,"w":-0.7166955471038818},"size":133.93470764160157,"orthographic":false}