{"cameraMode":{"drawMode":0,"name":"Shaded","section":"Shading Mode"},"sceneLighting":true,"audioPlay":false,"sceneViewState":{"showFog":false,"showMaterialUpdate":false,"showSkybox":false,"showFlares":false,"showImageEffects":false,"showParticleSystems":false},"in2DMode":false,"pivot":{"x":-26.288955688476564,"y":-22.639144897460939,"z":-7.9647216796875},"rotation":{"x":-0.07365813106298447,"y":0.0487416610121727,"z":-0.0035037891939282419,"w":-0.9961094260215759},"size":1189.39501953125,"orthographic":false}