{"cameraMode":{"drawMode":0,"name":"Shaded","section":"Shading Mode"},"sceneLighting":true,"audioPlay":false,"sceneViewState":{"showFog":false,"showMaterialUpdate":false,"showSkybox":false,"showFlares":false,"showImageEffects":false,"showParticleSystems":false},"in2DMode":false,"pivot":{"x":293.0370178222656,"y":-2.7014639377593996,"z":276.5481262207031},"rotation":{"x":0.1411762684583664,"y":-0.6967862844467163,"z":0.14288897812366486,"w":0.6888359189033508},"size":14.536272048950196,"orthographic":false}
