{"cameraMode":{"drawMode":0,"name":"Shaded","section":"Shading Mode"},"sceneLighting":true,"audioPlay":false,"sceneViewState":{"showFog":false,"showMaterialUpdate":false,"showSkybox":false,"showFlares":false,"showImageEffects":false,"showParticleSystems":false},"in2DMode":false,"pivot":{"x":5.960464477539063e-8,"y":1.743804931640625,"z":1.5479353666305543},"rotation":{"x":-0.09660949558019638,"y":-0.9001888036727905,"z":0.33761081099510195,"w":-0.2575952410697937},"size":70.53590393066406,"orthographic":false}