{"cameraMode":{"drawMode":0,"name":"Shaded","section":"Shading Mode"},"sceneLighting":true,"audioPlay":false,"sceneViewState":{"showFog":false,"showMaterialUpdate":false,"showSkybox":false,"showFlares":false,"showImageEffects":false,"showParticleSystems":false},"in2DMode":false,"pivot":{"x":298.3082580566406,"y":5.77327299118042,"z":219.1056365966797},"rotation":{"x":0.2726300358772278,"y":-0.33650147914886477,"z":0.10243535041809082,"w":0.8955591320991516},"size":15.821613311767579,"orthographic":false}